program,fuzzer,seed,version,paths_1h,paths_2h,paths_3h,paths_4h,paths_5h,paths_6h
cxxfilt,afl-1.94b,invalid,binutils2.26,0.247449,0.373904,0.453945,0.529674,0.584279,0.644058
cxxfilt,afl-2.40b,invalid,binutils2.26,0.472625,0.676103,0.850122,0.889496,0.889496,0.889496
cxxfilt,afl-2.49b,invalid,binutils2.26,0.453082,0.659146,0.821526,0.964075,0.964075,0.964075
cxxfilt,afl-2.51b,invalid,binutils2.26,0.479667,0.676678,0.836758,0.900848,0.901566,0.914356
cxxfilt,afl-2.52b,invalid,binutils2.26,0.484696,0.692485,0.871964,0.94252,0.949993,1
cxxfilt,afl-rb,invalid,binutils2.26,0.633281,0.811611,0.890214,0.919816,0.999713,1.02371
cxxfilt,aflfast,invalid,binutils2.26,0.408536,0.553097,0.686162,0.755568,0.808881,0.894094
cxxfilt,aflgo,invalid,binutils2.26,0.492025,0.738612,0.875701,0.875701,0.907171,0.981032
nm,afl-1.94b,invalid,binutils2.26,0.0727423,0.195288,0.293036,0.3354,0.380244,0.425294
nm,afl-2.40b,invalid,binutils2.26,0.249432,0.495557,0.646001,0.789419,0.920645,1.01302
nm,afl-2.49b,invalid,binutils2.26,0.231246,0.520769,0.711097,0.845009,0.971688,1.12379
nm,afl-2.51b,invalid,binutils2.26,0.303575,0.473032,0.611903,0.746642,0.847696,0.944823
nm,afl-2.52b,invalid,binutils2.26,0.311221,0.49535,0.666047,0.803058,0.891093,1
nm,afl-rb,invalid,binutils2.26,0.281256,0.423435,0.516016,0.602604,0.667287,0.715024
nm,aflfast,invalid,binutils2.26,0.408555,0.761934,1.13949,1.52139,1.81897,1.86691
nm,aflgo,invalid,binutils2.26,0.312875,0.524489,0.661087,0.841083,0.955156,1.06386
objdump,afl-1.94b,invalid,binutils2.26,0.161007,0.245708,0.540633,0.665395,0.743609,0.775277
objdump,afl-2.40b,invalid,binutils2.26,0.477299,0.681419,0.814575,0.939718,1.0702,1.0992
objdump,afl-2.49b,invalid,binutils2.26,0.499046,0.652804,0.769172,0.913773,1.05685,1.10797
objdump,afl-2.51b,invalid,binutils2.26,0.461656,0.656238,0.750477,0.829836,0.909576,0.964517
objdump,afl-2.52b,invalid,binutils2.26,0.463564,0.580313,0.701641,0.738649,0.877146,1
objdump,afl-rb,invalid,binutils2.26,0.670736,0.974056,1.03243,1.12743,1.20488,1.23426
objdump,aflfast,invalid,binutils2.26,0.497138,0.653186,0.794353,0.88058,0.958794,1.02137
objdump,aflgo,invalid,binutils2.26,0.504388,0.677222,0.801984,0.96032,1.03357,1.05799
readelf,afl-1.94b,invalid,binutils2.26,0.941176471,0.941176471,0.941176471,0.941176471,0.941176471,0.941176471
readelf,afl-2.40b,invalid,binutils2.26,1,1,1,1,1,1
readelf,afl-2.49b,invalid,binutils2.26,1.058823529,1.058823529,1.058823529,1.058823529,1.058823529,1.058823529
readelf,afl-2.51b,invalid,binutils2.26,1,1,1,1,1,1
readelf,afl-2.52b,invalid,binutils2.26,0.941176471,1,1,1,1,1
readelf,afl-rb,invalid,binutils2.26,1,1,1,1,1,1
readelf,aflfast,invalid,binutils2.26,0.823529412,0.823529412,0.823529412,0.823529412,0.823529412,0.823529412
readelf,aflgo,invalid,binutils2.26,0.941176471,0.941176471,0.941176471,0.941176471,0.941176471,0.941176471
size,afl-1.94b,invalid,binutils2.26,0.387222947,0.67535854,0.790091265,0.970013038,1.074315515,1.162972621
size,afl-2.40b,invalid,binutils2.26,1.052151239,1.348109518,1.488917862,1.578878748,1.60756193,1.615384615
size,afl-2.49b,invalid,binutils2.26,0.874837027,1.307692308,1.49934811,1.735332464,1.831812256,1.906127771
size,afl-2.51b,invalid,binutils2.26,1.026075619,1.423728814,1.580182529,1.955671447,2.142112125,2.306388527
size,afl-2.52b,invalid,binutils2.26,0.444589309,0.681877445,0.771838331,0.910039113,0.970013038,1
size,afl-rb,invalid,binutils2.26,1.357235984,2.031290743,2.357235984,2.589308996,2.625814863,2.799217731
size,aflfast,invalid,binutils2.26,0.950456323,1.058670143,1.144719687,1.192959583,1.198174707,1.252933507
size,aflgo,invalid,binutils2.26,0.990873533,1.443285528,1.495436767,1.677966102,1.754889179,1.779661017
strings,afl-1.94b,invalid,binutils2.26,1.283333333,1.283333333,1.283333333,1.283333333,1.283333333,1.283333333
strings,afl-2.40b,invalid,binutils2.26,1.233333333,1.266666667,1.266666667,1.266666667,1.266666667,1.266666667
strings,afl-2.49b,invalid,binutils2.26,1.233333333,1.233333333,1.233333333,1.233333333,1.233333333,1.233333333
strings,afl-2.51b,invalid,binutils2.26,1.25,1.266666667,1.266666667,1.283333333,1.283333333,1.283333333
strings,afl-2.52b,invalid,binutils2.26,1,1,1,1,1,1
strings,afl-rb,invalid,binutils2.26,1.266666667,1.266666667,1.266666667,1.266666667,1.266666667,1.266666667
strings,aflfast,invalid,binutils2.26,1.316666667,1.316666667,1.316666667,1.316666667,1.316666667,1.316666667
strings,aflgo,invalid,binutils2.26,1.183333333,1.2,1.2,1.2,1.2,1.2
cxxfilt,afl-1.94b,invalid,binutils2.28,0.236084,0.346602,0.459709,0.540453,0.628803,0.702589
cxxfilt,afl-2.40b,invalid,binutils2.28,0.504854,0.712783,0.875728,0.97767,0.97767,0.97767
cxxfilt,afl-2.49b,invalid,binutils2.28,0.500162,0.736084,0.908252,0.946602,0.946602,0.946602
cxxfilt,afl-2.51b,invalid,binutils2.28,0.46343,0.680906,0.839159,0.972977,0.972977,0.991748
cxxfilt,afl-2.52b,invalid,binutils2.28,0.465534,0.693366,0.847735,0.971683,1,1
cxxfilt,afl-rb,invalid,binutils2.28,0.667638,0.90534,0.983981,1.04595,1.1254,1.16909
cxxfilt,aflfast,invalid,binutils2.28,0.468932,0.645631,0.796602,0.882039,0.959061,1.05243
cxxfilt,aflgo,invalid,binutils2.28,0.521521,0.758414,0.925243,0.925243,0.925243,0.925243
nm,afl-1.94b,invalid,binutils2.28,0.0715144,0.191106,0.284455,0.377404,0.414864,0.46875
nm,afl-2.40b,invalid,binutils2.28,0.232372,0.471554,0.664062,0.81891,0.952724,1.12881
nm,afl-2.49b,invalid,binutils2.28,0.276442,0.461338,0.611378,0.742388,0.854167,0.974559
nm,afl-2.51b,invalid,binutils2.28,0.272837,0.453726,0.604167,0.74359,0.875601,0.972155
nm,afl-2.52b,invalid,binutils2.28,0.270433,0.473157,0.636819,0.766627,0.895232,1
nm,afl-rb,invalid,binutils2.28,0.472356,0.666466,0.796474,0.930489,1.00861,1.0641
nm,aflfast,invalid,binutils2.28,0.298277,0.687901,0.907051,1.15805,1.21615,1.2476
nm,aflgo,invalid,binutils2.28,0.260016,0.444111,0.630008,0.796675,0.938702,1.07993
objdump,afl-1.94b,invalid,binutils2.28,0.231716,0.441791,0.594403,0.665299,0.748507,0.786194
objdump,afl-2.40b,invalid,binutils2.28,0.508582,0.664925,0.767164,0.844776,0.930224,0.995522
objdump,afl-2.49b,invalid,binutils2.28,0.544403,0.646642,0.75,0.873134,1.00746,1.04179
objdump,afl-2.51b,invalid,binutils2.28,0.374254,0.482836,0.574627,0.593284,0.66903,0.723507
objdump,afl-2.52b,invalid,binutils2.28,0.453731,0.642537,0.74291,0.85709,0.918657,1
objdump,afl-rb,invalid,binutils2.28,0.53694,0.600746,0.718284,0.775746,1.01269,1.01269
objdump,aflfast,invalid,binutils2.28,0.583955,0.719776,0.800746,0.984328,1.12388,1.1653
objdump,aflgo,invalid,binutils2.28,0.481343,0.685448,0.817164,0.952985,1.07052,1.1056
readelf,afl-1.94b,invalid,binutils2.28,1,1,1,1,1,1
readelf,afl-2.40b,invalid,binutils2.28,1,1,1,1,1,1
readelf,afl-2.49b,invalid,binutils2.28,0.944444444,0.944444444,0.944444444,0.944444444,0.944444444,0.944444444
readelf,afl-2.51b,invalid,binutils2.28,1,1,1,1,1,1
readelf,afl-2.52b,invalid,binutils2.28,1,1,1,1,1,1
readelf,afl-rb,invalid,binutils2.28,0.944444444,0.944444444,0.944444444,0.944444444,0.944444444,0.944444444
readelf,aflfast,invalid,binutils2.28,0.833333333,0.833333333,0.833333333,0.833333333,0.833333333,0.833333333
readelf,aflgo,invalid,binutils2.28,0.944444444,0.944444444,0.944444444,0.944444444,0.944444444,0.944444444
size,afl-1.94b,invalid,binutils2.28,0.286340394,0.410518627,0.472607743,0.536157779,0.558802045,0.603360117
size,afl-2.40b,invalid,binutils2.28,0.509861213,0.602629657,0.608473338,0.608473338,0.609934259,0.609934259
size,afl-2.49b,invalid,binutils2.28,0.46311176,0.542001461,0.544192841,0.661066472,0.805697589,0.892622352
size,afl-2.51b,invalid,binutils2.28,0.553688824,0.794010226,0.951789627,1.054054054,1.123447772,1.243973703
size,afl-2.52b,invalid,binutils2.28,0.612856099,0.821767714,0.913075237,0.930606282,0.989773557,1
size,afl-rb,invalid,binutils2.28,0.574872169,0.971512053,1.300949598,1.458728999,1.526661797,1.598977356
size,aflfast,invalid,binutils2.28,0.399561724,0.399561724,0.400292184,0.400292184,0.483564646,0.598977356
size,aflgo,invalid,binutils2.28,0.530314098,0.602629657,0.628195763,0.629656684,0.643535427,0.661796932
strings,afl-1.94b,invalid,binutils2.28,0.987012987,1.012987013,1.012987013,1.012987013,1.012987013,1.012987013
strings,afl-2.40b,invalid,binutils2.28,0.909090909,0.909090909,0.909090909,0.909090909,0.909090909,0.909090909
strings,afl-2.49b,invalid,binutils2.28,1.012987013,1.012987013,1.012987013,1.012987013,1.012987013,1.012987013
strings,afl-2.51b,invalid,binutils2.28,0.857142857,0.896103896,0.896103896,0.896103896,0.896103896,0.896103896
strings,afl-2.52b,invalid,binutils2.28,0.961038961,0.961038961,0.974025974,0.974025974,1,1
strings,afl-rb,invalid,binutils2.28,1.012987013,1.012987013,1.025974026,1.025974026,1.025974026,1.038961039
strings,aflfast,invalid,binutils2.28,0.948051948,0.948051948,0.948051948,0.948051948,0.948051948,0.948051948
strings,aflgo,invalid,binutils2.28,0.974025974,0.974025974,0.974025974,0.974025974,0.974025974,0.974025974
cxxfilt,afl-1.94b,invalid,binutils2.32,0.224545,0.346017,0.412712,0.486724,0.556973,0.607987
cxxfilt,afl-2.40b,invalid,binutils2.32,0.491742,0.706879,0.706879,0.706879,0.706879,0.706879
cxxfilt,afl-2.49b,invalid,binutils2.32,0.378005,0.558854,0.686389,0.750366,0.750366,0.750366
cxxfilt,afl-2.51b,invalid,binutils2.32,0.402885,0.573908,0.698934,0.71106,0.749321,0.749948
cxxfilt,afl-2.52b,invalid,binutils2.32,0.421284,0.606105,0.767092,0.898808,0.965294,1
cxxfilt,afl-rb,invalid,binutils2.32,0.627012,0.828769,0.98202,1.09471,1.14677,1.16182
cxxfilt,aflfast,invalid,binutils2.32,0.480452,0.69078,0.814342,0.895881,0.933305,0.953795
cxxfilt,aflgo,invalid,binutils2.32,0.439264,0.628685,0.767719,0.803262,0.803262,0.838804
nm,afl-1.94b,invalid,binutils2.32,0.122544,0.207126,0.328005,0.432567,0.498834,0.563437
nm,afl-2.40b,invalid,binutils2.32,0.254079,0.545122,0.743257,0.919081,1.03463,1.14885
nm,afl-2.49b,invalid,binutils2.32,0.374292,0.639694,0.811189,0.94672,1.05927,1.14119
nm,afl-2.51b,invalid,binutils2.32,0.272061,0.339327,0.411255,0.462537,0.50383,0.545455
nm,afl-2.52b,invalid,binutils2.32,0.445221,0.662338,0.864469,0.983017,0.995671,1
nm,afl-rb,invalid,binutils2.32,0.419913,0.583417,0.701632,0.759574,0.788545,0.801865
nm,aflfast,invalid,binutils2.32,0.282384,0.402264,0.512155,0.64369,0.71029,0.80686
nm,aflgo,invalid,binutils2.32,0.285714,0.404928,0.45954,0.512488,0.56044,0.576424
objdump,afl-1.94b,invalid,binutils2.32,0.408669,0.648091,0.791538,0.973168,1.13003,1.22807
objdump,afl-2.40b,invalid,binutils2.32,0.831785,1.08875,1.34881,1.43447,1.59546,1.6904
objdump,afl-2.49b,invalid,binutils2.32,0.69969,0.910217,0.957688,0.960784,0.964912,0.976264
objdump,afl-2.51b,invalid,binutils2.32,0.748194,0.877193,0.945304,0.976264,1.0227,1.10114
objdump,afl-2.52b,invalid,binutils2.32,0.733746,0.747162,0.747162,0.875129,0.995872,1
objdump,afl-rb,invalid,binutils2.32,0.891641,1.04541,1.23736,1.34056,1.90506,2.20021
objdump,aflfast,invalid,binutils2.32,0.732714,0.75645,0.758514,0.758514,0.758514,0.768834
objdump,aflgo,invalid,binutils2.32,0.682147,0.940144,0.9742,0.981424,0.981424,0.981424
readelf,afl-1.94b,invalid,binutils2.32,0.888888889,0.888888889,0.888888889,0.888888889,0.888888889,0.888888889
readelf,afl-2.40b,invalid,binutils2.32,0.944444444,0.944444444,0.944444444,0.944444444,0.944444444,0.944444444
readelf,afl-2.49b,invalid,binutils2.32,0.944444444,0.944444444,0.944444444,0.944444444,0.944444444,0.944444444
readelf,afl-2.51b,invalid,binutils2.32,0.944444444,0.944444444,0.944444444,0.944444444,0.944444444,0.944444444
readelf,afl-2.52b,invalid,binutils2.32,1,1,1,1,1,1
readelf,afl-rb,invalid,binutils2.32,0.944444444,0.944444444,0.944444444,0.944444444,0.944444444,0.944444444
readelf,aflfast,invalid,binutils2.32,0.833333333,0.833333333,0.833333333,0.833333333,0.833333333,0.833333333
readelf,aflgo,invalid,binutils2.32,1,1,1,1,1,1
size,afl-1.94b,invalid,binutils2.32,0.345381526,0.56124498,0.698795181,0.830321285,0.874497992,0.91064257
size,afl-2.40b,invalid,binutils2.32,0.903614458,1.225903614,1.40060241,1.502008032,1.581325301,1.690763052
size,afl-2.49b,invalid,binutils2.32,0.884538153,1.388554217,1.453815261,1.478915663,1.5,1.531124498
size,afl-2.51b,invalid,binutils2.32,0.706827309,0.72188755,0.902610442,0.985943775,0.990963855,1.030120482
size,afl-2.52b,invalid,binutils2.32,0.752008032,0.840361446,0.93875502,0.978915663,0.991967871,1
size,afl-rb,invalid,binutils2.32,1.046184739,1.265060241,1.451807229,1.753012048,1.885542169,2.054216867
size,aflfast,invalid,binutils2.32,0.803212851,0.880522088,0.925702811,0.958835341,1.002008032,1.009036145
size,aflgo,invalid,binutils2.32,0.765060241,0.847389558,0.918674699,0.958835341,0.980923695,0.983935743
strings,afl-1.94b,invalid,binutils2.32,0.971014493,0.971014493,0.971014493,0.971014493,0.971014493,0.971014493
strings,afl-2.40b,invalid,binutils2.32,1.057971014,1.101449275,1.101449275,1.101449275,1.101449275,1.101449275
strings,afl-2.49b,invalid,binutils2.32,1.101449275,1.101449275,1.101449275,1.101449275,1.101449275,1.101449275
strings,afl-2.51b,invalid,binutils2.32,1.014492754,1.043478261,1.043478261,1.043478261,1.043478261,1.043478261
strings,afl-2.52b,invalid,binutils2.32,1,1,1,1,1,1
strings,afl-rb,invalid,binutils2.32,1.014492754,1.028985507,1.028985507,1.028985507,1.028985507,1.028985507
strings,aflfast,invalid,binutils2.32,0.753623188,0.753623188,0.753623188,0.753623188,0.753623188,0.753623188
strings,aflgo,invalid,binutils2.32,1.028985507,1.028985507,1.043478261,1.043478261,1.043478261,1.043478261
cxxfilt,afl-1.94b,valid,binutils2.26,0.319553,0.487462,0.596239,0.68265,0.776686,0.854964
cxxfilt,afl-2.40b,valid,binutils2.26,0.612165,0.837004,0.885632,0.885632,0.885632,0.896645
cxxfilt,afl-2.49b,valid,binutils2.26,0.617418,0.852592,0.985598,0.985598,0.985598,0.985598
cxxfilt,afl-2.51b,valid,binutils2.26,0.569299,0.807353,0.929007,0.949678,0.949678,0.949678
cxxfilt,afl-2.52b,valid,binutils2.26,0.620129,0.881566,0.953406,0.954253,0.999322,1
cxxfilt,afl-rb,valid,binutils2.26,0.801932,0.931718,1.07303,1.20874,1.27228,1.30058
cxxfilt,aflfast,valid,binutils2.26,0.553033,0.735005,0.908844,1.02253,1.17486,1.26855
cxxfilt,aflgo,valid,binutils2.26,0.615215,0.905795,0.941206,0.941376,0.945612,0.945612
nm,afl-1.94b,valid,binutils2.26,0.231079,0.355128,0.476937,0.576355,0.664577,0.705777
nm,afl-2.40b,valid,binutils2.26,0.242723,0.419615,0.574116,0.662785,0.75056,0.813704
nm,afl-2.49b,valid,binutils2.26,0.238245,0.394089,0.51142,0.631438,0.719212,0.817734
nm,afl-2.51b,valid,binutils2.26,0.237797,0.369458,0.538737,0.626064,0.715629,0.887147
nm,afl-2.52b,valid,binutils2.26,0.223914,0.36901,0.536498,0.648007,0.718316,1
nm,afl-rb,valid,binutils2.26,0.440215,0.559337,0.949395,1.44648,1.67488,1.92163
nm,aflfast,valid,binutils2.26,0.382893,0.511867,0.600537,0.646664,0.659651,0.66592
nm,aflgo,valid,binutils2.26,0.268249,0.416928,0.505598,0.635916,0.778325,0.891178
objdump,afl-1.94b,valid,binutils2.26,0.45088,0.574606,0.664968,0.749768,0.861446,0.924467
objdump,afl-2.40b,valid,binutils2.26,0.366543,0.505097,0.649212,0.808156,0.912882,1.038
objdump,afl-2.49b,valid,binutils2.26,0.423077,0.568582,0.672382,0.7405,0.878591,0.995829
objdump,afl-2.51b,valid,binutils2.26,0.332252,0.482391,0.606117,0.735403,0.83874,0.995366
objdump,afl-2.52b,valid,binutils2.26,0.357739,0.498146,0.673772,0.716867,0.854958,1
objdump,afl-rb,valid,binutils2.26,0.746061,1.02919,1.20621,1.4393,1.57136,1.73772
objdump,aflfast,valid,binutils2.26,0.467099,0.651066,0.833179,0.92354,1.01576,1.11909
objdump,aflgo,valid,binutils2.26,0.398054,0.557924,0.668211,0.802595,0.970806,1.10426
readelf,afl-1.94b,valid,binutils2.26,0.479987,0.557157,0.67179,0.784822,0.905219,1.02754
readelf,afl-2.40b,valid,binutils2.26,0.460134,0.59398,0.705411,0.835735,0.943644,1.02434
readelf,afl-2.49b,valid,binutils2.26,0.486711,0.590138,0.729747,0.817803,0.954531,1.04931
readelf,afl-2.51b,valid,binutils2.26,0.478066,0.585335,0.676913,0.767531,0.901057,0.972462
readelf,afl-2.52b,valid,binutils2.26,0.481588,0.589817,0.709894,0.829011,0.934678,1
readelf,afl-rb,valid,binutils2.26,0.76497,1.22094,1.59014,1.7544,1.99135,2.17195
readelf,aflfast,valid,binutils2.26,0.528658,0.727506,0.848543,1.01633,1.15818,1.24944
readelf,aflgo,valid,binutils2.26,0.46814,0.598463,0.726865,0.887288,0.96894,1.04963
cxxfilt,afl-1.94b,valid,binutils2.28,0.357939,0.5077,0.615684,0.711276,0.79784,0.8906
cxxfilt,afl-2.40b,valid,binutils2.28,0.639936,0.931669,1.09648,1.09648,1.09648,1.09648
cxxfilt,afl-2.49b,valid,binutils2.28,0.625066,0.904585,1.03346,1.03346,1.03346,1.04514
cxxfilt,afl-2.51b,valid,binutils2.28,0.637104,0.949372,0.970614,0.974863,0.974863,0.974863
cxxfilt,afl-2.52b,valid,binutils2.28,0.652859,0.896973,0.96017,0.96017,0.990441,1
cxxfilt,afl-rb,valid,binutils2.28,0.792707,0.97327,1.05063,1.09081,1.11754,1.16003
cxxfilt,aflfast,valid,binutils2.28,0.544698,0.722606,0.902107,1.01965,1.13631,1.24234
cxxfilt,aflgo,valid,binutils2.28,0.622057,0.864401,0.997168,1.00956,1.02053,1.03841
nm,afl-1.94b,valid,binutils2.28,0.335431,0.530522,0.657017,0.828194,0.927627,0.993707
nm,afl-2.40b,valid,binutils2.28,0.33669,0.57017,0.820642,0.941473,1.04657,1.14475
nm,afl-2.49b,valid,binutils2.28,0.32725,0.534928,0.727502,0.824418,0.918188,1.10636
nm,afl-2.51b,valid,binutils2.28,0.344871,0.561989,0.726243,0.838263,0.92511,1.09251
nm,afl-2.52b,valid,binutils2.28,0.315922,0.53304,0.716803,0.842039,0.903713,1
nm,afl-rb,valid,binutils2.28,0.69163,0.954688,1.163,1.72876,2.15607,2.47325
nm,aflfast,valid,binutils2.28,0.661422,2.35997,3.03021,3.94084,4.10573,4.23411
nm,aflgo,valid,binutils2.28,0.318439,0.530522,0.7382,0.861548,0.970422,1.05664
objdump,afl-1.94b,valid,binutils2.28,0.407747,0.556851,0.65556,0.745106,0.825489,0.874219
objdump,afl-2.40b,valid,binutils2.28,0.3611,0.476052,0.636401,0.702207,0.80758,0.96793
objdump,afl-2.49b,valid,binutils2.28,0.376093,0.475635,0.66389,0.703873,0.807164,0.970429
objdump,afl-2.51b,valid,binutils2.28,0.356935,0.468138,0.59975,0.685548,0.717618,0.857559
objdump,afl-2.52b,valid,binutils2.28,0.386922,0.477718,0.652645,0.733861,0.858392,1
objdump,afl-rb,valid,binutils2.28,0.695127,0.881716,1.16576,1.45356,1.57309,1.69304
objdump,aflfast,valid,binutils2.28,0.431903,0.556018,0.703457,0.757601,0.907955,1.04373
objdump,aflgo,valid,binutils2.28,0.35152,0.48813,0.620575,0.729696,0.808413,0.87172
readelf,afl-1.94b,valid,binutils2.28,0.56479,0.629919,0.693012,0.794098,0.891791,0.972524
readelf,afl-2.40b,valid,binutils2.28,0.546133,0.638399,0.773066,0.834803,0.993555,1.09871
readelf,afl-2.49b,valid,binutils2.28,0.542062,0.661465,0.773745,0.850407,0.909769,1.04003
readelf,afl-2.51b,valid,binutils2.28,0.543758,0.63365,0.734057,0.812076,0.935889,1.04003
readelf,afl-2.52b,valid,binutils2.28,0.541723,0.63806,0.714043,0.82327,0.888738,1
readelf,afl-rb,valid,binutils2.28,0.88772,1.3382,1.62381,1.91791,2.08616,2.24763
readelf,aflfast,valid,binutils2.28,0.560719,0.756784,0.935889,1.11262,1.20081,1.29003
readelf,aflgo,valid,binutils2.28,0.526798,0.604478,0.722863,0.831072,0.946404,1.03596
cxxfilt,afl-1.94b,valid,binutils2.32,0.422278,0.571549,0.70174,0.837823,0.940236,0.994949
cxxfilt,afl-2.40b,valid,binutils2.32,0.738496,0.8844,0.8844,0.899551,0.905724,0.906566
cxxfilt,afl-2.49b,valid,binutils2.32,0.702581,0.77413,0.77413,0.839226,0.844276,0.847924
cxxfilt,afl-2.51b,valid,binutils2.32,0.74523,0.828844,0.828844,0.828844,0.828844,0.828844
cxxfilt,afl-2.52b,valid,binutils2.32,0.743266,0.880752,0.880752,0.893659,0.954265,1
cxxfilt,afl-rb,valid,binutils2.32,0.881594,1.13131,1.24046,1.3367,1.4119,1.47026
cxxfilt,aflfast,valid,binutils2.32,0.656846,0.934343,1.12767,1.24467,1.27581,1.30471
cxxfilt,aflgo,valid,binutils2.32,0.743266,0.894781,0.935746,0.936308,0.9422,0.944444
nm,afl-1.94b,valid,binutils2.32,0.311594,0.501553,0.629917,0.756211,0.858178,0.93323
nm,afl-2.40b,valid,binutils2.32,0.302277,0.478261,0.584369,0.67029,0.74793,0.90735
nm,afl-2.49b,valid,binutils2.32,0.313665,0.484472,0.643892,0.766563,0.820393,0.951346
nm,afl-2.51b,valid,binutils2.32,0.349896,0.493271,0.585921,0.730849,0.914079,1.00155
nm,afl-2.52b,valid,binutils2.32,0.29089,0.457557,0.604555,0.708592,0.802277,1
nm,afl-rb,valid,binutils2.32,0.589545,0.919772,1.02484,1.09834,1.28106,1.37992
nm,aflfast,valid,binutils2.32,0.445135,0.727743,0.774845,0.88354,0.959627,1.03157
nm,aflgo,valid,binutils2.32,0.304348,0.474638,0.611284,0.744306,0.830228,1.0264
objdump,afl-1.94b,valid,binutils2.32,0.465791,0.628455,0.727685,0.876303,0.964205,1.06162
objdump,afl-2.40b,valid,binutils2.32,0.42773,0.557771,0.6715,0.776167,0.910739,0.97961
objdump,afl-2.49b,valid,binutils2.32,0.491164,0.607159,0.772995,0.885818,0.983235,1.07386
objdump,afl-2.51b,valid,binutils2.32,0.447213,0.581785,0.741731,0.88899,1.00317,1.13095
objdump,afl-2.52b,valid,binutils2.32,0.406434,0.5401,0.655188,0.816946,0.92705,1
objdump,afl-rb,valid,binutils2.32,0.949252,1.16448,1.54961,1.81015,1.96239,2.05845
objdump,aflfast,valid,binutils2.32,0.516085,0.668781,0.797916,0.908473,1.06162,1.23969
objdump,aflgo,valid,binutils2.32,0.44676,0.614862,0.706389,0.78251,0.900317,1.06026
readelf,afl-1.94b,valid,binutils2.32,0.581019,0.643519,0.70205,0.804894,0.90377,0.993717
readelf,afl-2.40b,valid,binutils2.32,0.541667,0.624669,0.695437,0.800595,0.881283,0.999008
readelf,afl-2.49b,valid,binutils2.32,0.546627,0.616733,0.705688,0.809854,0.875661,0.968585
readelf,afl-2.51b,valid,binutils2.32,0.532077,0.627976,0.703042,0.772487,0.876984,0.954696
readelf,afl-2.52b,valid,binutils2.32,0.524802,0.63459,0.724868,0.806878,0.873016,1
readelf,afl-rb,valid,binutils2.32,0.940146,1.22553,1.48843,1.63856,1.68618,1.83929
readelf,aflfast,valid,binutils2.32,0.58168,0.78836,0.928241,1.08069,1.15509,1.25463
readelf,aflgo,valid,binutils2.32,0.565476,0.647487,0.727183,0.800265,0.884921,0.987434
tcpdump,afl-1.94b,valid,tcpdump,0.298654,0.453488,0.605569,0.681763,0.775398,0.880967
tcpdump,afl-2.40b,valid,tcpdump,0.343941,0.5612,0.724296,0.850061,0.946144,1.02723
tcpdump,afl-2.49b,valid,tcpdump,0.380049,0.534884,0.678703,0.787332,0.873317,0.957772
tcpdump,afl-2.51b,valid,tcpdump,0.357405,0.537944,0.692472,0.814871,0.912179,0.992044
tcpdump,afl-2.52b,valid,tcpdump,0.364137,0.540392,0.674725,0.783966,0.898715,1
tcpdump,afl-rb,valid,tcpdump,0.724908,1.1276,1.45441,1.64168,1.81181,2.00765
tcpdump,aflfast,valid,tcpdump,0.528152,0.838127,1.05906,1.26867,1.40483,1.50245
tcpdump,aflgo,valid,tcpdump,0.380967,0.532742,0.690024,0.772338,0.880661,0.976744
base64,afl-1.94b,valid,lava-m,0.885333,0.925333,1.04267,1.08267,1.09333,1.096
base64,afl-2.40b,valid,lava-m,0.661333,0.674667,0.677333,0.682667,0.685333,0.746667
base64,afl-2.49b,valid,lava-m,0.741333,0.813333,0.906667,0.914667,0.914667,0.914667
base64,afl-2.51b,valid,lava-m,0.658667,0.661333,0.672,0.672,0.674667,0.674667
base64,afl-2.52b,valid,lava-m,0.989333,1,1,1,1,1
base64,afl-rb,valid,lava-m,1.00533,1.04,1.096,1.09867,1.09867,1.09867
base64,aflfast,valid,lava-m,0.882667,0.885333,0.928,0.928,0.928,0.928
base64,aflgo,valid,lava-m,0.706667,0.741333,0.741333,0.746667,0.746667,0.746667
md5sum,afl-1.94b,valid,lava-m,0.421212,0.478788,0.551515,0.606061,1.32424,1.55152
md5sum,afl-2.40b,valid,lava-m,0.412121,0.421212,0.466667,0.563636,0.645455,0.760606
md5sum,afl-2.49b,valid,lava-m,0.381818,0.390909,0.460606,0.469697,0.512121,0.542424
md5sum,afl-2.51b,valid,lava-m,0.40303,0.484848,0.533333,0.645455,0.709091,0.712121
md5sum,afl-2.52b,valid,lava-m,0.381818,0.472727,0.515152,0.530303,0.575758,1
md5sum,afl-rb,valid,lava-m,0.675758,0.69697,0.739394,0.751515,0.790909,0.806061
md5sum,aflfast,valid,lava-m,0.806061,0.806061,0.806061,0.806061,0.806061,0.806061
md5sum,aflgo,valid,lava-m,0.387879,0.445455,0.481818,0.575758,0.627273,0.678788
uniq,afl-1.94b,valid,lava-m,0.740385,0.961538,0.990385,0.990385,0.990385,0.990385
uniq,afl-2.40b,valid,lava-m,0.923077,0.923077,0.923077,0.951923,0.961538,0.971154
uniq,afl-2.49b,valid,lava-m,0.971154,0.980769,0.980769,1,1,1
uniq,afl-2.51b,valid,lava-m,0.884615,0.961538,0.971154,0.980769,0.980769,0.980769
uniq,afl-2.52b,valid,lava-m,0.692308,0.951923,0.990385,1,1,1
uniq,afl-rb,valid,lava-m,1.01923,1.01923,1.01923,1.01923,1.01923,1.01923
uniq,aflfast,valid,lava-m,1.00962,1.01923,1.03846,1.03846,1.03846,1.03846
uniq,aflgo,valid,lava-m,0.913462,0.942308,0.961538,0.971154,0.971154,0.971154
who,afl-1.94b,valid,lava-m,1.14844,1.51562,1.71094,1.875,1.96875,2.07812
who,afl-2.40b,valid,lava-m,0.765625,1.10938,1.30469,1.30469,1.48438,1.48438
who,afl-2.49b,valid,lava-m,0.757812,0.765625,0.78125,0.78125,0.789062,0.789062
who,afl-2.51b,valid,lava-m,1.03125,1.35938,1.39062,1.47656,1.57031,1.69531
who,afl-2.52b,valid,lava-m,0.757812,0.773438,0.960938,0.960938,1,1
who,afl-rb,valid,lava-m,1.79688,1.85938,1.86719,1.89062,1.95312,2.00781
who,aflfast,valid,lava-m,1.22656,1.22656,1.60156,1.75,1.85156,1.86719
who,aflgo,valid,lava-m,0.695312,0.96875,1.21094,1.21094,1.21094,1.21094
